architecture,model,latency_ms,energy_mj,power_w,area_mm2
dies4_multi_ring,resnet18,2.860717011213234,24.699943803156632,8.634179370535275,256.74761440000003
dies4_multi_ring,resnet50,8.531048384117648,65.343379443883,7.659478237813481,256.74761440000003
dies4_multi_ring,vgg16,23.836547483235353,200.81086685446036,8.424494654508756,256.74761440000003
dies4_multi_ring,mobilenet_v2,2.24094597308823,11.893941717926035,5.307553979775374,256.74761440000003
dies4_multi_ring,alexnet,6.8850070491176405,37.0366246219378,5.3793154252012405,256.74761440000003
dies8_multi_ring,resnet18,2.353544944926457,23.185292692752324,9.851221555268328,265.3844144
dies8_multi_ring,resnet50,6.4765351391176536,58.66441174325658,9.057993276208622,265.3844144
dies8_multi_ring,vgg16,19.244206591764616,187.40163900129565,9.738080814487436,265.3844144
dies8_multi_ring,mobilenet_v2,1.9765338923896785,11.214846176360217,5.673996393151239,265.3844144
dies8_multi_ring,alexnet,5.881875614705888,34.27944472766779,5.827978517934345,265.3844144
dies16_multi_ring,resnet18,2.028540751470581,22.642795685450988,11.16211033425688,284.23837439999994
dies16_multi_ring,resnet50,5.27858558470586,56.11885230491442,10.63141847458395,284.23837439999994
dies16_multi_ring,vgg16,17.023725171764664,184.86733259958373,10.859393624739806,284.23837439999994
dies16_multi_ring,mobilenet_v2,1.86988006481619,11.437685352589602,6.116801589471961,284.23837439999994
dies16_multi_ring,alexnet,5.360807028529412,34.15542843549596,6.371322126263058,284.23837439999994
